{"cameraMode":{"drawMode":0,"name":"Shaded","section":"Shading Mode"},"sceneLighting":true,"audioPlay":false,"sceneViewState":{"m_AlwaysRefresh":false,"showFog":true,"showSkybox":true,"showFlares":true,"showImageEffects":true,"showParticleSystems":true,"showVisualEffectGraphs":true,"m_FxEnabled":true},"in2DMode":false,"pivot":{"x":894.6262817382813,"y":298.22216796875,"z":-1363.539306640625},"rotation":{"x":0.08255533874034882,"y":0.06539937853813172,"z":0.0052269985899329189,"w":-0.9945502281188965},"size":2.6642024517059328,"orthographic":false}