{"cameraMode":{"drawMode":0,"name":"Shaded","section":"Shading Mode"},"sceneLighting":true,"audioPlay":false,"sceneViewState":{"m_AlwaysRefresh":false,"showFog":true,"showSkybox":true,"showFlares":true,"showImageEffects":true,"showParticleSystems":true,"showVisualEffectGraphs":true,"m_FxEnabled":true},"in2DMode":false,"pivot":{"x":-11.514922142028809,"y":-2.473872661590576,"z":-13.901569366455079},"rotation":{"x":-0.02565302886068821,"y":0.9588871002197266,"z":-0.26724860072135928,"w":-0.09204653650522232},"size":4.4806623458862309,"orthographic":false}